name,price,location,url,station,floor_plan,area,age
浅間町３ 4180万円,4180万円,東京都府中市浅間町３,https://suumo.jp/ms/chuko/tokyo/sc_fuchu/nc_21860204/,ＪＲ中央線「武蔵小金井」バス10分停歩4分,3LDK,78.91m2（23.87坪）（壁芯）,2001年5月
【角住戸×南面バルコニー】JR南武線・武蔵野線「府中本町」駅徒歩5分♪,4380万円,東京都府中市矢崎町１-5-4,https://suumo.jp/ms/chuko/tokyo/sc_fuchu/nc_20355794/,ＪＲ南武線「府中本町」徒歩5分,3LDK,66.48m2（壁芯）,2009年10月
長谷工グループ設計・施工・管理の大規模マンション！,4980万円,東京都稲城市矢野口,https://suumo.jp/ms/chuko/tokyo/sc_inagi/nc_21380307/,京王相模原線「京王よみうりランド」徒歩6分,3LDK,69.36m2（壁芯）,2008年6月
■三井不動産レジデンシャル(株)旧分譲■室内綺麗にお使いです,5200万円,東京都調布市染地２,https://suumo.jp/ms/chuko/tokyo/sc_chofu/nc_21430283/,京王線「調布」バス13分停歩1分,1LDK+S（納戸）,70.38m2（壁芯）,2016年7月
西府町２（西府駅） 4180万円,4180万円,東京都府中市西府町２,https://suumo.jp/ms/chuko/tokyo/sc_fuchu/nc_21068531/,ＪＲ南武線「西府」徒歩5分,2LDK,68.05m2（壁芯）,2009年11月
是政４（是政駅） 4280万円,4280万円,東京都府中市是政４,https://suumo.jp/ms/chuko/tokyo/sc_fuchu/nc_21795069/,西武多摩川線「是政」徒歩2分,3LDK,81.39m2（24.62坪）（壁芯）,2003年1月
～2007年築・3LDK・南東向き・リフォーム履歴のある角住戸～,4980万円,東京都府中市白糸台２-34-23,https://suumo.jp/ms/chuko/tokyo/sc_fuchu/nc_21803441/,西武多摩川線「白糸台」徒歩5分,3LDK,73.65m2（壁芯）,2007年1月
是政４（是政駅） 5180万円,5180万円,東京都府中市是政４,https://suumo.jp/ms/chuko/tokyo/sc_fuchu/nc_21454418/,西武多摩川線「是政」徒歩4分,2LDK,80.21m2（24.26坪）（壁芯）,2005年2月
買い物直結・駅徒歩5分！利便性の高い431戸の大規模邸宅,5180万円,東京都稲城市矢野口2284-11,https://suumo.jp/ms/chuko/tokyo/sc_inagi/nc_21661745/,京王相模原線「京王よみうりランド」徒歩7分,3LDK,72.45m2（21.91坪）（壁芯）,2008年6月
染地２ 5180万円,5180万円,東京都調布市染地２,https://suumo.jp/ms/chuko/tokyo/sc_chofu/nc_21427136/,京王線「調布」バス15分停歩1分,3LDK,72.68m2（21.98坪）（壁芯）,2016年7月
是政４（是政駅） 5490万円,5490万円,東京都府中市是政４-4-22,https://suumo.jp/ms/chuko/tokyo/sc_fuchu/nc_21206761/,西武多摩川線「是政」徒歩7分,4LDK,91.13m2（壁芯）,2008年3月
